URL,Response,Fingerprint
https://and-up4-asbs.online.sberbank.ru,200,
https://vseprosto.psbank.ru,200,
https://best-tax.psbank.ru,200,
https://file-upload-node5.online.sberbank.ru,200,
https://closebusiness.psbank.ru,200,
https://chat.psbank.ru,200,
https://irida3-u12.sberbank.ru,200,
https://ios-upsi-asbs.online.sberbank.ru,200,
https://ios-up4-asbs.online.sberbank.ru,200,
https://ios-up6-asbs.online.sberbank.ru,200,
https://widget.chat.psbank.ru,200,
https://axrobot.online.sberbank.ru,200,
https://omnibot.chat.psbank.ru,200,
https://office.psbank.ru,200,
https://identity.chat.psbank.ru,200,
https://client.lk.psbank.ru,200,404
https://gateway.chat.psbank.ru,200,
https://tomni2.rosbank.ru,200,
https://ios-up1-asbs.online.sberbank.ru,200,
https://quik.psbank.ru,200,
https://chatdev.psbank.ru,200,
https://spkk-static.online.sberbank.ru,200,
https://ib.psbank.ru,200,
https://api.svm.psbank.ru,200,
https://ravpn4.sberbank.ru,200,
https://push.gazprombank.ru,200,
https://gateway.chattest.psbank.ru,200,
https://and-up2-asbs.online.sberbank.ru,200,
https://mydss.psbank.ru,200,
https://gbo.gazprombank.ru,200,
https://corp.dbo.gazprombank.ru,200,
https://account.factoring.rosbank.ru,200,
https://mycard.psbank.ru,200,404
https://digital.gazprombank.ru,200,
https://mra.gazprombank.ru,502,
https://vsesrazu-raiffeisen.ru,200,
https://chat.chattest.psbank.ru,200,
https://oprosso.sberbank.ru,200,
https://ios-up7-asbs.online.sberbank.ru,200,
https://corporate.psbank.ru,200,
https://opros.sberbank.ru,200,
https://online.raiffeisen.ru,200,
https://vps.online.sberbank.ru,200,
https://skidki.raiffeisen.ru,200,
https://mydss.gazprombank.ru,200,404
https://vpn2.raiffeisen.ru,200,
https://syncplay.online.sberbank.ru,200,
https://test-lk-ecomm.psbank.ru,200,404
https://sna1.gazprombank.ru,200,
https://democorporate.psbank.ru,200,
https://business.psbank.ru,200,
https://navigator.raiffeisen.ru,200,
https://geo.psbank.ru,200,
https://lk.svm.psbank.ru,200,404
https://api.sme.raiffeisen.ru,200,
https://sme.raiffeisen.ru,200,
https://invoice.psbank.ru,200,404
https://dbo.gazprombank.ru,200,
https://hr-dev.sberbank.ru,200,
https://ar2019.vtb.com,200,
https://doc.lk.psbank.ru,200,
https://passport.gbo.gazprombank.ru,200,
https://lk-ecomm.psbank.ru,200,404
https://mydsstst.psbank.ru,200,
https://sna2.gazprombank.ru,200,
https://web-ext.psbank.ru,200,
https://www.career.raiffeisen.ru,200,404
https://newbusiness.psbank.ru,200,404
https://dgtl.raiffeisen.ru,200,
https://fc.psbank.ru,200,
https://career.raiffeisen.ru,200,404
https://nalog.psbank.ru,200,404
https://api.raiffeisen.ru,200,
https://disk.gazprombank.ru,200,
https://p.psbank.ru,200,
https://fw.raiffeisen.ru,200,
https://auth.evo.rosbank.ru,200,
https://evo-cert.rosbank.ru,200,
https://dialin.psbank.ru,200,
https://onboarding.raiffeisen.ru,200,
https://www.ipoteka.raiffeisen.ru,200,
https://evo-test.rosbank.ru,200,
https://meet.psbank.ru,200,
https://proagent.rosbank.ru,200,
https://www.rbo.raiffeisen.ru,200,
https://broker2.rshb.ru,200,
https://ir.bs2.gazprombank.ru,200,
https://train.raiffeisen.ru,200,
https://ir.bsbp.gazprombank.ru,200,
https://space.gazprombank.ru,200,
https://cert.rosbank.ru,200,404
https://ift-guest.testonline.sberbank.ru,200,404
https://research.gazprombank.ru,200,404
https://survey.rosbank.ru,200,
https://sbbe.evo.rosbank.ru,200,
https://ssovdr.gazprombank.ru,200,
https://chatul.rshb.ru,200,
https://passreset.rosbank.ru,200,
https://lk.factoring.rshb.ru,200,
https://promotion.rosbank.ru,200,
https://www.leasing.rshb.ru,200,404
https://next.rshb.ru,200,
https://svoehome.rshb.ru,200,
https://factoring.rshb.ru,200,
https://reg.rshb.ru,200,
https://3ds.open.ru,200,
https://bc.rshb.ru,200,
https://dealing2.uat.rshb.ru,200,
https://test07.rshb.ru,200,
https://ecom.open.ru,200,404
https://mob.mob.gazprombank.ru,200,404
https://airconsole.open.ru,200,
https://www.factoring.rshb.ru,200,
https://affiliate.open.ru,200,
https://Autodiscover.rosbank.ru,200,404
https://www.rosbank.ru,200,404
https://www.cert.rosbank.ru,200,404
https://goz.ssl.rshb.ru,200,
https://online.rshb.ru,200,404
https://3ds-test.open.ru,200,
https://imdm.raiffeisen.ru,200,404
https://disk.open.ru,200,
https://egwtest.open.ru,200,
https://authweb.gazprombank.ru,200,404
https://aramis-mp.open.ru,200,404
https://legal.open.ru,200,
https://egw.open.ru,200,
https://ib.open.ru,200,
https://ipotekapartner-preprod.open.ru,200,
https://elbrus.raiffeisen.ru,200,
https://bitrix2-trust.open.ru,200,
https://mpi1.open.ru,200,
https://dealing2.rshb.ru,200,
https://mpi-test.open.ru,200,
https://infoservice.rshb.ru,200,
https://home.rosbank.ru,200,
https://www.urozhai.rshb.ru,200,404
https://dialin.open.ru,200,
https://www.mlportal.raiffeisen.ru,200,
https://egw01.open.ru,200,
https://ctx-mdm.open.ru,200,
https://factor.raiffeisen.ru,200,
https://urozhai.rshb.ru,200,
https://mob.gazprombank.ru,200,
https://aaa.passreset.rosbank.ru,200,
https://new.lk.psbank.ru,200,404
https://mob2.gazprombank.ru,200,
https://invest.raiffeisen.ru,200,404
https://ipotekaonline.open.ru,200,
https://promo.raiffeisen.ru,200,404
https://bs-interactive.gazprombank.ru,200,
https://test02.rshb.ru,200,
https://mpi.open.ru,200,
https://pra.rosbank.ru,200,
https://suo-consultant.open.ru,200,
https://ihome.rosbank.ru,200,
https://e-commerce.raiffeisen.ru,200,404
https://old.raiffeisen.ru,200,404
https://services-preprod.open.ru,200,
https://37f8aafffbb9fe4e52b83bd89eb68cec.dms.sberbank.ru,200,
https://services-test.open.ru,200,
https://and-up3-asbs.online.sberbank.ru,200,
https://and-up1-asbs.online.sberbank.ru,200,
https://passport.open.ru,200,
https://video.call.open.ru,200,
https://dialog-site.sberbank.ru,200,
https://garant.open.ru,200,
https://blockt.dialog.sberbank.ru,200,
https://and-up7-asbs.online.sberbank.ru,200,
https://and-up5-asbs.online.sberbank.ru,200,
https://file-upload-node2.online.sberbank.ru,200,
https://file-upload-node1.online.sberbank.ru,200,
https://quik.rshb.ru,No Response,
https://file-upload-node4.online.sberbank.ru,200,
https://lyncdiscover.open.ru,200,
https://nhds.open.ru,200,
https://cwbx.open.ru,200,
https://meet.open.ru,200,
https://gvk.sberbank.ru,200,
https://ctx-mam.open.ru,200,
https://file-upload-node3.online.sberbank.ru,200,
https://catalog01.urozhai.rshb.ru,200,404
https://tst-ctx-mdm.open.ru,200,
https://dialog.sberbank.ru,200,
https://okey.rosbank.ru,200,404
https://ipoteka.open.ru,200,
https://mozhnovse.rosbank.ru,200,404
https://rzd.rosbank.ru,200,404
https://coins.rshb.ru,200,404
https://www.rzd.rosbank.ru,200,404
https://direct.sbbolmobile.sberbank.ru,200,
https://file-upload-node6.online.sberbank.ru,200,
https://85d238002975c3b2e863f56c08c40e50.dms.sberbank.ru,200,
https://file-upload-nodegf.online.sberbank.ru,200,
https://at-gvk.sberbank.ru,200,
https://mics01.raiffeisen.ru,200,
https://and-up6-asbs.online.sberbank.ru,200,
https://pmcloud.sberbank.ru,200,
https://hr.sberbank.ru,200,
https://mobilecm.csc.sberbank.ru,200,
https://ios-up2-asbs.online.sberbank.ru,200,
https://nlb-clickstream.sberbank.ru,200,
https://www.garant.open.ru,200,
https://ios-up3-asbs.online.sberbank.ru,200,
https://ios-up5-asbs.online.sberbank.ru,200,
https://quik.open.ru,No Response,
https://office.sberbank.ru,200,
https://geo1.online.sberbank.ru,200,
https://payments.sberbank.ru,200,
https://test.ecom.raiffeisen.ru,200,404
https://catalog03.urozhai.rshb.ru,200,
https://vipmail.gazprombank.ru,200,404
https://flexy.open.ru,200,
https://psi-spkk-static.testonline.sberbank.ru,200,
https://parus-cleaning.sberbank.ru,200,
https://voltage-pp-0000.open.ru,200,
https://qa.geoapi.sberbank.ru,200,
https://meetup.sberbank.ru,200,
https://osago.sberbank.ru,200,404
https://nhrdp.open.ru,200,
https://prom.cobra.sberbank.ru,200,
https://pking.sberbank.ru,200,
https://nlp2vps.online.sberbank.ru,200,
https://webquik.sberbank.ru,200,
https://mdm-gw.open.ru,200,
https://sberchat.sberbank.ru,200,
https://sberopros.sberbank.ru,200,
https://tfs-ext.open.ru,200,
https://sbibz.sberbank.ru,200,
https://eem-dialog-messenger.online.sberbank.ru,204,
https://WorkPM.open.ru,200,
https://sberbank-com.os-prom.sberbank.ru,200,
https://sudt.sberbank.ru,200,
https://ravpn3.sberbank.ru,200,
https://wk.open.ru,200,
https://irm.sberbank.ru,200,
https://cc-host01.sbercontact.sberbank.ru,200,
https://test-psi-office.sberbank.ru,200,
https://eca-sync-eem-dialog-messenger.online.sberbank.ru,204,
https://update.sberchat.sberbank.ru,200,
https://cc02.sbercontact.sberbank.ru,200,
https://sber247.sbercontact.sberbank.ru,200,
https://eca-sync-eem-dialog-messenger-psi.online.sberbank.ru,204,
https://sberapi.sbercontact.sberbank.ru,200,
https://sfqa.sberbank.ru,302,
https://access.emm.sberbank.ru,200,
https://idpqa.sberbank.ru,200,
https://wyse.open.ru,200,
https://privet-dev.sberbank.ru,400,
https://tortuga.sberbank.ru,200,
https://psi.sberdisk.sberbank.ru,401,
https://senat.sberbank.ru,400,
https://exp-edge1.gazprombank.ru,400,
https://devices.sberbank.ru,403,
https://p2p.gazprombank.ru,400,
https://webpsi.sberchat.sberbank.ru,200,
https://sbercontact.sberbank.ru,200,
https://devicestestift.online.sberbank.ru,403,
https://app-mic001.open.ru,200,
https://rc.senat.sberbank.ru,400,
https://csr2019.vtb.com,200,
https://exp-edge.gazprombank.ru,400,
https://ru-msk-dtl-expe2.open.ru,400,
https://ru-msk-dtl-expe1.open.ru,400,
https://ipoteka-preprod.open.ru,401,
https://ips-test-api.rosbank.ru,400,
https://idm.emm.sberbank.ru,200,
https://quiktest.gazprombank.ru,No Response,
https://www.pga.gazprombank.ru,403,
https://testweb.dbo.gazprombank.ru,403,
https://rfb-api.rosbank.ru,400,
https://quik.gazprombank.ru,No Response,
https://gate-dialog-messenger.online.sberbank.ru,400,
https://ar2018.vtb.com,200,
https://exp-edge2.gazprombank.ru,400,
https://admin-cert.rosbank.ru,403,
https://exp-edge4.gazprombank.ru,400,
https://mbr.rosbank.ru,403,
https://smft.rosbank.ru,403,
https://svm.psbank.ru,403,
https://www.csr2020.vtb.com,200,
https://broker1.rshb.ru,403,
https://pb.open.ru,403,
https://ift-node2.testonline.sberbank.ru,200,404
https://online.rosbank.ru,403,
https://privet-ift.sberbank.ru,No Response,
https://vp.psbank.ru,401,
https://static-cert.evo.rosbank.ru,403,
https://filespsi.sberchat.sberbank.ru,403,
https://bcmc.gazprombank.ru,403,
https://lk.rosbank.ru,403,
https://Suo-test.open.ru,403,
https://test26.acs.gazprombank.ru,403,
https://exp-edge6.gazprombank.ru,400,
https://skypews.open.ru,403,
https://csc-ift.csctest.sberbank.ru,403,
https://comni.rosbank.ru,403,
https://idppsi.sberbank.ru,200,
https://privet-uat.sberbank.ru,No Response,
https://int.raiffeisen.ru,200,
https://devicestest.online.sberbank.ru,404,
https://www.test.rosbank.ru,403,
https://mobile.open.ru,403,
https://encashment.sberbank.ru,404,
https://aaa77.gazprombank.ru,No Response,
https://node5.online.sberbank.ru,No Response,
https://aaa90.gazprombank.ru,No Response,
https://workext.open.ru,200,
https://apelsin.gazprombank.ru,No Response,
https://jaloturovsk.gazprombank.ru,No Response,
https://static.mobapp-daily.open.ru,404,Not Found
https://messenger.sberbank.ru,404,
https://wac.open.ru,404,404
https://www.webhook-test.gazprombank.ru,No Response,
https://mejdurechensk.gazprombank.ru,No Response,
https://otkrytka.sberbank.ru,418,
https://b2bexpcl1.gazprombank.ru,No Response,
https://web-node7.online.sberbank.ru,404,
https://enroll-psi.maas360.sberbank.ru,404,Not Found
https://abakan.gazprombank.ru,No Response,
https://test01.acs.gazprombank.ru,404,
https://obmen-preprod-2.open.ru,No Response,
https://new20181.open.ru,No Response,
https://mobile-node0.online.sberbank.ru,404,
https://cbro-t.testonline.sberbank.ru,404,Not Found
https://bdi.kazan.gazprombank.ru,No Response,
https://aaa156.gazprombank.ru,No Response,
https://cbro.sberbank.ru,404,Not Found
https://aaa85.gazprombank.ru,No Response,
https://web-node1.online.sberbank.ru,404,
https://ex-mbx015.open.ru,No Response,
https://www.bankclient.kirov.rshb.ru,No Response,
https://ift.sberbank.ru,404,Not Found
https://aaa86.gazprombank.ru,No Response,
https://rbapitest.rosbank.ru,403,
https://superset-dialog-messenger-psi.online.sberbank.ru,503,
https://www.app-mobiron003.open.ru,No Response,
https://hometest.gazprombank.ru,500,
https://investor.sberbank.ru,404,
https://www.app-mobiron005.open.ru,No Response,
https://ext-elasticsearch-fts-dialog-messenger-psi.online.sberbank.ru,503,
https://invest.open.ru,200,
https://tradefinance.rosbank.ru,503,
https://www.aramis-mp.open.ru,No Response,
https://www.sberbank-ru.ift.sberbank.ru,404,Not Found
https://www.mobilecollection.open.ru,No Response,
https://ift.api.sberkids.sberbank.ru,422,
https://www.director-trust.open.ru,No Response,
https://www.mpi.open.ru,No Response,
https://www.tfs-test.open.ru,No Response,
https://web-standin1.online.sberbank.ru,404,
https://stories.online.sberbank.ru,404,Not Found
https://10.13-54-194.users.sberbank.ru,No Response,
https://spkk-api.online.sberbank.ru,404,Not Found
https://egw02.open.ru,403,
https://www.tb.open.ru,No Response,
https://105.119-143-193.users.sberbank.ru,No Response,
https://106.119-143-193.users.sberbank.ru,No Response,
https://team.sberbank.ru,404,Not Found
https://11.12-54-194.users.sberbank.ru,No Response,
https://cc07.sbercontact.sberbank.ru,200,404
https://141.12-54-194.users.sberbank.ru,No Response,
https://158.13-54-194.users.sberbank.ru,No Response,
https://163.225-203-91.users.sberbank.ru,No Response,
https://zvonmonet.rshb.ru,200,404
https://169.119-143-193.users.sberbank.ru,No Response,
https://mail.vtb.com,200,404
https://193.12-54-194.users.sberbank.ru,No Response,
https://189.12-54-194.users.sberbank.ru,No Response,
https://27.119-143-193.users.sberbank.ru,No Response,
https://mapi.pking.sberbank.ru,404,Not Found
https://106.15-54-194.sberbank.ru,No Response,
https://superset-dialog-messenger.online.sberbank.ru,404,Not Found
https://36.119-143-193.users.sberbank.ru,No Response,
https://47.119-143-193.users.sberbank.ru,No Response,
https://rbgwapitest.rosbank.ru,403,
https://50.15-54-194.sberbank.ru,No Response,
https://76.12-54-194.users.sberbank.ru,No Response,
https://39.119-143-193.users.sberbank.ru,No Response,
https://87.12-54-194.users.sberbank.ru,No Response,
https://cab-psp-isep016.sberbank.ru,No Response,
https://95.15-54-194.sberbank.ru,No Response,
https://cab-vsp-acp-0001.sberbank.ru,No Response,
https://audit.evo.rosbank.ru,500,
https://ext-elasticsearch-fts-dialog-messenger-ift.online.sberbank.ru,503,
https://170.13-54-194.users.sberbank.ru,No Response,
https://eed-dialog-messenger.online.sberbank.ru,503,
https://sberbank1-ru.ift.sberbank.ru,502,
https://81.13-54-194.users.sberbank.ru,No Response,
https://dialog-messenger-ift.online.sberbank.ru,503,
https://eed-dialog-messenger-ift.online.sberbank.ru,503,
https://secure.raiffeisen.ru,405,
https://stories-stat.online.sberbank.ru,404,Not Found
https://web-node2.online.sberbank.ru,404,
https://stories-res.online.sberbank.ru,404,Not Found
https://wspsi.sberchat.sberbank.ru,502,
https://mobincash.sberbank.ru,404,
https://app05.sbercontact.sberbank.ru,404,Not Found
https://geo2.online.sberbank.ru,No Response,
